[
  {
    "_id": "Wazuh-App-Overview-General-Agents-status",
      "_source": {
      "title": "Wazuh App Overview General Agents status",
      "visState": "{\"title\":\"Wazuh App Overview General Agents Status\",\"type\":\"histogram\",\"params\":{\"type\":\"histogram\",\"grid\":{\"categoryLines\":false,\"style\":{\"color\":\"#eee\"}},\"categoryAxes\":[{\"id\":\"CategoryAxis-1\",\"type\":\"category\",\"position\":\"bottom\",\"show\":true,\"style\":{},\"scale\":{\"type\":\"linear\"},\"labels\":{\"show\":true,\"truncate\":100},\"title\":{}}],\"valueAxes\":[{\"id\":\"ValueAxis-1\",\"name\":\"LeftAxis-1\",\"type\":\"value\",\"position\":\"left\",\"show\":true,\"style\":{},\"scale\":{\"type\":\"linear\",\"mode\":\"normal\"},\"labels\":{\"show\":true,\"rotate\":0,\"filter\":false,\"truncate\":100},\"title\":{\"text\":\"Count\"}}],\"seriesParams\":[{\"show\":true,\"mode\":\"normal\",\"type\":\"line\",\"drawLinesBetweenPoints\":true,\"showCircles\":true,\"interpolate\":\"cardinal\",\"lineWidth\":3.5,\"data\":{\"id\":\"4\",\"label\":\"Unique count of id\"},\"valueAxis\":\"ValueAxis-1\"}],\"addTooltip\":true,\"addLegend\":true,\"legendPosition\":\"right\",\"times\":[],\"addTimeMarker\":false},\"aggs\":[{\"id\":\"2\",\"enabled\":true,\"type\":\"date_histogram\",\"schema\":\"segment\",\"params\":{\"field\":\"@timestamp\",\"interval\":\"h\",\"customInterval\":\"2h\",\"min_doc_count\":1,\"extended_bounds\":{}}},{\"id\":\"3\",\"enabled\":true,\"type\":\"terms\",\"schema\":\"group\",\"params\":{\"field\":\"status\",\"size\":5,\"order\":\"desc\",\"orderBy\":\"_term\"}},{\"id\":\"4\",\"enabled\":true,\"type\":\"cardinality\",\"schema\":\"metric\",\"params\":{\"field\":\"id\"}}]}",
      "uiStateJSON": "{\"vis\":{\"colors\":{\"Never connected\":\"#447EBC\",\"Active\":\"#E5AC0E\"}}}",
      "description": "",
      "version": 1,
      "kibanaSavedObjectMeta": {
        "searchSourceJSON": "{\"index\":\"wazuh-monitoring\",\"filter\":[],\"query\":{\"query\":\"\",\"language\":\"lucene\"}}"
      }
    },
    "_type": "visualization"
  }
]