{
  "wazuh_alerts": "[{\"name\":\"rule.id\",\"type\":\"string\",\"count\":0,\"scripted\":false,\"indexed\":true,\"analyzed\":false,\"doc_values\":true,\"searchable\":true,\"aggregatable\":true},{\"name\":\"data.audit.directory.name\",\"type\":\"string\",\"count\":0,\"scripted\":false,\"indexed\":true,\"analyzed\":false,\"doc_values\":true,\"searchable\":true,\"aggregatable\":true},{\"name\":\"data.dstport\",\"type\":\"string\",\"count\":0,\"scripted\":false,\"indexed\":true,\"analyzed\":false,\"doc_values\":true,\"searchable\":true,\"aggregatable\":true},{\"name\":\"data.audit.tty\",\"type\":\"string\",\"count\":0,\"scripted\":false,\"indexed\":true,\"analyzed\":false,\"doc_values\":true,\"searchable\":true,\"aggregatable\":true},{\"name\":\"type\",\"type\":\"string\",\"count\":0,\"scripted\":false,\"indexed\":true,\"analyzed\":true,\"doc_values\":false,\"searchable\":true,\"aggregatable\":true},{\"name\":\"GeoLocation.latitude\",\"type\":\"number\",\"count\":0,\"scripted\":false,\"indexed\":true,\"analyzed\":false,\"doc_values\":true,\"searchable\":true,\"aggregatable\":true},{\"name\":\"rule.cve\",\"type\":\"string\",\"count\":0,\"scripted\":false,\"indexed\":true,\"analyzed\":false,\"doc_values\":true,\"searchable\":true,\"aggregatable\":true},{\"name\":\"path\",\"type\":\"string\",\"count\":0,\"scripted\":false,\"indexed\":true,\"analyzed\":false,\"doc_values\":true,\"searchable\":true,\"aggregatable\":true},{\"name\":\"data.audit.exe\",\"type\":\"string\",\"count\":0,\"scripted\":false,\"indexed\":true,\"analyzed\":false,\"doc_values\":true,\"searchable\":true,\"aggregatable\":true},{\"name\":\"syscheck.perm_before\",\"type\":\"string\",\"count\":0,\"scripted\":false,\"indexed\":true,\"analyzed\":false,\"doc_values\":true,\"searchable\":true,\"aggregatable\":true},{\"name\":\"data.action\",\"type\":\"string\",\"count\":0,\"scripted\":false,\"indexed\":true,\"analyzed\":false,\"doc_values\":true,\"searchable\":true,\"aggregatable\":true},{\"name\":\"agent.name\",\"type\":\"string\",\"count\":0,\"scripted\":false,\"indexed\":true,\"analyzed\":false,\"doc_values\":true,\"searchable\":true,\"aggregatable\":true},{\"name\":\"data.dstip\",\"type\":\"string\",\"count\":0,\"scripted\":false,\"indexed\":true,\"analyzed\":false,\"doc_values\":true,\"searchable\":true,\"aggregatable\":true},{\"name\":\"data.id\",\"type\":\"string\",\"count\":0,\"scripted\":false,\"indexed\":true,\"analyzed\":false,\"doc_values\":true,\"searchable\":true,\"aggregatable\":true},{\"name\":\"decoder.accumulate\",\"type\":\"number\",\"count\":0,\"scripted\":false,\"indexed\":true,\"analyzed\":false,\"doc_values\":true,\"searchable\":true,\"aggregatable\":true},{\"name\":\"data.audit.suid\",\"type\":\"string\",\"count\":0,\"scripted\":false,\"indexed\":true,\"analyzed\":false,\"doc_values\":true,\"searchable\":true,\"aggregatable\":true},{\"name\":\"data.oscap.scan.return_code\",\"type\":\"number\",\"count\":0,\"scripted\":false,\"indexed\":true,\"analyzed\":false,\"doc_values\":true,\"searchable\":true,\"aggregatable\":true},{\"name\":\"syscheck.uid_before\",\"type\":\"string\",\"count\":0,\"scripted\":false,\"indexed\":true,\"analyzed\":false,\"doc_values\":true,\"searchable\":true,\"aggregatable\":true},{\"name\":\"syscheck.size_before\",\"type\":\"number\",\"count\":0,\"scripted\":false,\"indexed\":true,\"analyzed\":false,\"doc_values\":true,\"searchable\":true,\"aggregatable\":true},{\"name\":\"agent.ip\",\"type\":\"string\",\"count\":0,\"scripted\":false,\"indexed\":true,\"analyzed\":false,\"doc_values\":true,\"searchable\":true,\"aggregatable\":true},{\"name\":\"data.oscap.scan.profile.title\",\"type\":\"string\",\"count\":0,\"scripted\":false,\"indexed\":true,\"analyzed\":false,\"doc_values\":true,\"searchable\":true,\"aggregatable\":true},{\"name\":\"data.audit.id\",\"type\":\"string\",\"count\":0,\"scripted\":false,\"indexed\":true,\"analyzed\":false,\"doc_values\":true,\"searchable\":true,\"aggregatable\":true},{\"name\":\"syscheck.size_after\",\"type\":\"number\",\"count\":0,\"scripted\":false,\"indexed\":true,\"analyzed\":false,\"doc_values\":true,\"searchable\":true,\"aggregatable\":true},{\"name\":\"syscheck.sha1_before\",\"type\":\"string\",\"count\":0,\"scripted\":false,\"indexed\":true,\"analyzed\":false,\"doc_values\":true,\"searchable\":true,\"aggregatable\":true},{\"name\":\"data.audit.old-auid\",\"type\":\"string\",\"count\":0,\"scripted\":false,\"indexed\":true,\"analyzed\":false,\"doc_values\":true,\"searchable\":true,\"aggregatable\":true},{\"name\":\"data.oscap.check.id\",\"type\":\"string\",\"count\":0,\"scripted\":false,\"indexed\":true,\"analyzed\":false,\"doc_values\":true,\"searchable\":true,\"aggregatable\":true},{\"name\":\"syscheck.gname_after\",\"type\":\"string\",\"count\":0,\"scripted\":false,\"indexed\":true,\"analyzed\":false,\"doc_values\":true,\"searchable\":true,\"aggregatable\":true},{\"name\":\"data.audit.directory.mode\",\"type\":\"string\",\"count\":0,\"scripted\":false,\"indexed\":true,\"analyzed\":false,\"doc_values\":true,\"searchable\":true,\"aggregatable\":true},{\"name\":\"GeoLocation.area_code\",\"type\":\"number\",\"count\":0,\"scripted\":false,\"indexed\":true,\"analyzed\":false,\"doc_values\":true,\"searchable\":true,\"aggregatable\":true},{\"name\":\"syscheck.path\",\"type\":\"string\",\"count\":0,\"scripted\":false,\"indexed\":true,\"analyzed\":false,\"doc_values\":true,\"searchable\":true,\"aggregatable\":true},{\"name\":\"data.srcuser\",\"type\":\"string\",\"count\":0,\"scripted\":false,\"indexed\":true,\"analyzed\":false,\"doc_values\":true,\"searchable\":true,\"aggregatable\":true},{\"name\":\"decoder.name\",\"type\":\"string\",\"count\":0,\"scripted\":false,\"indexed\":true,\"analyzed\":false,\"doc_values\":true,\"searchable\":true,\"aggregatable\":true},{\"name\":\"agent.id\",\"type\":\"string\",\"count\":0,\"scripted\":false,\"indexed\":true,\"analyzed\":false,\"doc_values\":true,\"searchable\":true,\"aggregatable\":true},{\"name\":\"syscheck.md5_before\",\"type\":\"string\",\"count\":0,\"scripted\":false,\"indexed\":true,\"analyzed\":false,\"doc_values\":true,\"searchable\":true,\"aggregatable\":true},{\"name\":\"_source\",\"type\":\"_source\",\"count\":0,\"scripted\":false,\"indexed\":false,\"analyzed\":false,\"doc_values\":false,\"searchable\":true,\"aggregatable\":true},{\"name\":\"syscheck.sha1_after\",\"type\":\"string\",\"count\":0,\"scripted\":false,\"indexed\":true,\"analyzed\":false,\"doc_values\":true,\"searchable\":true,\"aggregatable\":true},{\"name\":\"rule.frequency\",\"type\":\"number\",\"count\":0,\"scripted\":false,\"indexed\":true,\"analyzed\":false,\"doc_values\":true,\"searchable\":true,\"aggregatable\":true},{\"name\":\"data.status\",\"type\":\"string\",\"count\":0,\"scripted\":false,\"indexed\":true,\"analyzed\":false,\"doc_values\":true,\"searchable\":true,\"aggregatable\":true},{\"name\":\"data.audit.type\",\"type\":\"string\",\"count\":0,\"scripted\":false,\"indexed\":true,\"analyzed\":false,\"doc_values\":true,\"searchable\":true,\"aggregatable\":true},{\"name\":\"data.audit.gid\",\"type\":\"string\",\"count\":0,\"scripted\":false,\"indexed\":true,\"analyzed\":false,\"doc_values\":true,\"searchable\":true,\"aggregatable\":true},{\"name\":\"syscheck.inode_after\",\"type\":\"string\",\"count\":0,\"scripted\":false,\"indexed\":true,\"analyzed\":false,\"doc_values\":true,\"searchable\":true,\"aggregatable\":true},{\"name\":\"syscheck.diff\",\"type\":\"string\",\"count\":0,\"scripted\":false,\"indexed\":true,\"analyzed\":false,\"doc_values\":true,\"searchable\":true,\"aggregatable\":true},{\"name\":\"data.audit.old_enforcing\",\"type\":\"string\",\"count\":0,\"scripted\":false,\"indexed\":true,\"analyzed\":false,\"doc_values\":true,\"searchable\":true,\"aggregatable\":true},{\"name\":\"data.audit.command\",\"type\":\"string\",\"count\":0,\"scripted\":false,\"indexed\":true,\"analyzed\":false,\"doc_values\":true,\"searchable\":true,\"aggregatable\":true},{\"name\":\"logon_id\",\"type\":\"string\",\"count\":0,\"scripted\":false,\"indexed\":true,\"analyzed\":false,\"doc_values\":true,\"searchable\":true,\"aggregatable\":true},{\"name\":\"file\",\"type\":\"string\",\"count\":0,\"scripted\":false,\"indexed\":true,\"analyzed\":false,\"doc_values\":true,\"searchable\":true,\"aggregatable\":true},{\"name\":\"GeoLocation.longitude\",\"type\":\"number\",\"count\":0,\"scripted\":false,\"indexed\":true,\"analyzed\":false,\"doc_values\":true,\"searchable\":true,\"aggregatable\":true},{\"name\":\"manager.name\",\"type\":\"string\",\"count\":0,\"scripted\":false,\"indexed\":true,\"analyzed\":false,\"doc_values\":true,\"searchable\":true,\"aggregatable\":true},{\"name\":\"account_name\",\"type\":\"string\",\"count\":0,\"scripted\":false,\"indexed\":true,\"analyzed\":false,\"doc_values\":true,\"searchable\":true,\"aggregatable\":true},{\"name\":\"GeoLocation.postal_code\",\"type\":\"string\",\"count\":0,\"scripted\":false,\"indexed\":true,\"analyzed\":false,\"doc_values\":true,\"searchable\":true,\"aggregatable\":true},{\"name\":\"data.audit.egid\",\"type\":\"string\",\"count\":0,\"scripted\":false,\"indexed\":true,\"analyzed\":false,\"doc_values\":true,\"searchable\":true,\"aggregatable\":true},{\"name\":\"syscheck.gname_before\",\"type\":\"string\",\"count\":0,\"scripted\":false,\"indexed\":true,\"analyzed\":false,\"doc_values\":true,\"searchable\":true,\"aggregatable\":true},{\"name\":\"rule.pci_dss\",\"type\":\"string\",\"count\":0,\"scripted\":false,\"indexed\":true,\"analyzed\":false,\"doc_values\":true,\"searchable\":true,\"aggregatable\":true},{\"name\":\"syscheck.uname_after\",\"type\":\"string\",\"count\":0,\"scripted\":false,\"indexed\":true,\"analyzed\":false,\"doc_values\":true,\"searchable\":true,\"aggregatable\":true},{\"name\":\"data.audit.file.name\",\"type\":\"string\",\"count\":0,\"scripted\":false,\"indexed\":true,\"analyzed\":false,\"doc_values\":true,\"searchable\":true,\"aggregatable\":true},{\"name\":\"data.audit.acct\",\"type\":\"string\",\"count\":0,\"scripted\":false,\"indexed\":true,\"analyzed\":false,\"doc_values\":true,\"searchable\":true,\"aggregatable\":true},{\"name\":\"data.audit.res\",\"type\":\"string\",\"count\":0,\"scripted\":false,\"indexed\":true,\"analyzed\":false,\"doc_values\":true,\"searchable\":true,\"aggregatable\":true},{\"name\":\"data.oscap.check.references\",\"type\":\"string\",\"count\":0,\"scripted\":false,\"indexed\":true,\"analyzed\":true,\"doc_values\":false,\"searchable\":true,\"aggregatable\":true},{\"name\":\"data.oscap.check.rationale\",\"type\":\"string\",\"count\":0,\"scripted\":false,\"indexed\":true,\"analyzed\":true,\"doc_values\":false,\"searchable\":true,\"aggregatable\":true},{\"name\":\"decoder.ftscomment\",\"type\":\"string\",\"count\":0,\"scripted\":false,\"indexed\":true,\"analyzed\":false,\"doc_values\":true,\"searchable\":true,\"aggregatable\":true},{\"name\":\"data.audit.ppid\",\"type\":\"string\",\"count\":0,\"scripted\":false,\"indexed\":true,\"analyzed\":false,\"doc_values\":true,\"searchable\":true,\"aggregatable\":true},{\"name\":\"data.audit.fsuid\",\"type\":\"string\",\"count\":0,\"scripted\":false,\"indexed\":true,\"analyzed\":false,\"doc_values\":true,\"searchable\":true,\"aggregatable\":true},{\"name\":\"data.oscap.check.description\",\"type\":\"string\",\"count\":0,\"scripted\":false,\"indexed\":true,\"analyzed\":true,\"doc_values\":false,\"searchable\":true,\"aggregatable\":true},{\"name\":\"GeoLocation.country_code2\",\"type\":\"string\",\"count\":0,\"scripted\":false,\"indexed\":true,\"analyzed\":true,\"doc_values\":false,\"searchable\":true,\"aggregatable\":true},{\"name\":\"data.url\",\"type\":\"string\",\"count\":0,\"scripted\":false,\"indexed\":true,\"analyzed\":false,\"doc_values\":true,\"searchable\":true,\"aggregatable\":true},{\"name\":\"GeoLocation.country_code3\",\"type\":\"string\",\"count\":0,\"scripted\":false,\"indexed\":true,\"analyzed\":true,\"doc_values\":false,\"searchable\":true,\"aggregatable\":true},{\"name\":\"@timestamp\",\"type\":\"date\",\"count\":0,\"scripted\":false,\"indexed\":true,\"analyzed\":false,\"doc_values\":true,\"searchable\":true,\"aggregatable\":true},{\"name\":\"data.audit.subj\",\"type\":\"string\",\"count\":0,\"scripted\":false,\"indexed\":true,\"analyzed\":false,\"doc_values\":true,\"searchable\":true,\"aggregatable\":true},{\"name\":\"data.oscap.scan.profile.id\",\"type\":\"string\",\"count\":0,\"scripted\":false,\"indexed\":true,\"analyzed\":false,\"doc_values\":true,\"searchable\":true,\"aggregatable\":true},{\"name\":\"data.audit.enforcing\",\"type\":\"string\",\"count\":0,\"scripted\":false,\"indexed\":true,\"analyzed\":false,\"doc_values\":true,\"searchable\":true,\"aggregatable\":true},{\"name\":\"data.audit.exit\",\"type\":\"string\",\"count\":0,\"scripted\":false,\"indexed\":true,\"analyzed\":false,\"doc_values\":true,\"searchable\":true,\"aggregatable\":true},{\"name\":\"rule.firedtimes\",\"type\":\"number\",\"count\":0,\"scripted\":false,\"indexed\":true,\"analyzed\":false,\"doc_values\":true,\"searchable\":true,\"aggregatable\":true},{\"name\":\"rule.level\",\"type\":\"number\",\"count\":0,\"scripted\":false,\"indexed\":true,\"analyzed\":false,\"doc_values\":true,\"searchable\":true,\"aggregatable\":true},{\"name\":\"syscheck.event\",\"type\":\"string\",\"count\":0,\"scripted\":false,\"indexed\":true,\"analyzed\":false,\"doc_values\":true,\"searchable\":true,\"aggregatable\":true},{\"name\":\"GeoLocation.ip\",\"type\":\"string\",\"count\":0,\"scripted\":false,\"indexed\":true,\"analyzed\":false,\"doc_values\":true,\"searchable\":true,\"aggregatable\":true},{\"name\":\"data.oscap.scan.id\",\"type\":\"string\",\"count\":0,\"scripted\":false,\"indexed\":true,\"analyzed\":false,\"doc_values\":true,\"searchable\":true,\"aggregatable\":true},{\"name\":\"data.srcip\",\"type\":\"string\",\"count\":0,\"scripted\":false,\"indexed\":true,\"analyzed\":false,\"doc_values\":true,\"searchable\":true,\"aggregatable\":true},{\"name\":\"data.data\",\"type\":\"string\",\"count\":0,\"scripted\":false,\"indexed\":true,\"analyzed\":false,\"doc_values\":true,\"searchable\":true,\"aggregatable\":true},{\"name\":\"GeoLocation.coordinates\",\"type\":\"number\",\"count\":0,\"scripted\":false,\"indexed\":true,\"analyzed\":false,\"doc_values\":true,\"searchable\":true,\"aggregatable\":true},{\"name\":\"GeoLocation.city_name\",\"type\":\"string\",\"count\":0,\"scripted\":false,\"indexed\":true,\"analyzed\":false,\"doc_values\":true,\"searchable\":true,\"aggregatable\":true},{\"name\":\"data.audit.directory.inode\",\"type\":\"string\",\"count\":0,\"scripted\":false,\"indexed\":true,\"analyzed\":false,\"doc_values\":true,\"searchable\":true,\"aggregatable\":true},{\"name\":\"program_name\",\"type\":\"string\",\"count\":0,\"scripted\":false,\"indexed\":true,\"analyzed\":false,\"doc_values\":true,\"searchable\":true,\"aggregatable\":true},{\"name\":\"data.audit.success\",\"type\":\"string\",\"count\":0,\"scripted\":false,\"indexed\":true,\"analyzed\":false,\"doc_values\":true,\"searchable\":true,\"aggregatable\":true},{\"name\":\"GeoLocation.timezone\",\"type\":\"string\",\"count\":0,\"scripted\":false,\"indexed\":true,\"analyzed\":true,\"doc_values\":false,\"searchable\":true,\"aggregatable\":true},{\"name\":\"data.oscap.check.title\",\"type\":\"string\",\"count\":0,\"scripted\":false,\"indexed\":true,\"analyzed\":false,\"doc_values\":true,\"searchable\":true,\"aggregatable\":true},{\"name\":\"data.audit.sgid\",\"type\":\"string\",\"count\":0,\"scripted\":false,\"indexed\":true,\"analyzed\":false,\"doc_values\":true,\"searchable\":true,\"aggregatable\":true},{\"name\":\"previous_log\",\"type\":\"string\",\"count\":0,\"scripted\":false,\"indexed\":true,\"analyzed\":true,\"doc_values\":false,\"searchable\":true,\"aggregatable\":true},{\"name\":\"data.protocol\",\"type\":\"string\",\"count\":0,\"scripted\":false,\"indexed\":true,\"analyzed\":false,\"doc_values\":true,\"searchable\":true,\"aggregatable\":true},{\"name\":\"data.audit.srcip\",\"type\":\"string\",\"count\":0,\"scripted\":false,\"indexed\":true,\"analyzed\":false,\"doc_values\":true,\"searchable\":true,\"aggregatable\":true},{\"name\":\"data.audit.pid\",\"type\":\"string\",\"count\":0,\"scripted\":false,\"indexed\":true,\"analyzed\":false,\"doc_values\":true,\"searchable\":true,\"aggregatable\":true},{\"name\":\"data.audit.session\",\"type\":\"string\",\"count\":0,\"scripted\":false,\"indexed\":true,\"analyzed\":false,\"doc_values\":true,\"searchable\":true,\"aggregatable\":true},{\"name\":\"host\",\"type\":\"string\",\"count\":0,\"scripted\":false,\"indexed\":true,\"analyzed\":false,\"doc_values\":true,\"searchable\":true,\"aggregatable\":true},{\"name\":\"AlertsFile\",\"type\":\"string\",\"count\":0,\"scripted\":false,\"indexed\":true,\"analyzed\":false,\"doc_values\":true,\"searchable\":true,\"aggregatable\":true},{\"name\":\"data.oscap.scan.score\",\"type\":\"number\",\"count\":0,\"scripted\":false,\"indexed\":true,\"analyzed\":false,\"doc_values\":true,\"searchable\":true,\"aggregatable\":true},{\"name\":\"data.audit.key\",\"type\":\"string\",\"count\":0,\"scripted\":false,\"indexed\":true,\"analyzed\":false,\"doc_values\":true,\"searchable\":true,\"aggregatable\":true},{\"name\":\"decoder.parent\",\"type\":\"string\",\"count\":0,\"scripted\":false,\"indexed\":true,\"analyzed\":false,\"doc_values\":true,\"searchable\":true,\"aggregatable\":true},{\"name\":\"GeoLocation.dma_code\",\"type\":\"number\",\"count\":0,\"scripted\":false,\"indexed\":true,\"analyzed\":false,\"doc_values\":true,\"searchable\":true,\"aggregatable\":true},{\"name\":\"offset\",\"type\":\"string\",\"count\":0,\"scripted\":false,\"indexed\":true,\"analyzed\":false,\"doc_values\":true,\"searchable\":true,\"aggregatable\":true},{\"name\":\"data.audit.auid\",\"type\":\"string\",\"count\":0,\"scripted\":false,\"indexed\":true,\"analyzed\":false,\"doc_values\":true,\"searchable\":true,\"aggregatable\":true},{\"name\":\"data.oscap.check.oval.id\",\"type\":\"string\",\"count\":0,\"scripted\":false,\"indexed\":true,\"analyzed\":false,\"doc_values\":true,\"searchable\":true,\"aggregatable\":true},{\"name\":\"rule.description\",\"type\":\"string\",\"count\":0,\"scripted\":false,\"indexed\":true,\"analyzed\":false,\"doc_values\":true,\"searchable\":true,\"aggregatable\":true},{\"name\":\"rule.cis\",\"type\":\"string\",\"count\":0,\"scripted\":false,\"indexed\":true,\"analyzed\":false,\"doc_values\":true,\"searchable\":true,\"aggregatable\":true},{\"name\":\"data.audit.old_prom\",\"type\":\"string\",\"count\":0,\"scripted\":false,\"indexed\":true,\"analyzed\":false,\"doc_values\":true,\"searchable\":true,\"aggregatable\":true},{\"name\":\"syscheck.uname_before\",\"type\":\"string\",\"count\":0,\"scripted\":false,\"indexed\":true,\"analyzed\":false,\"doc_values\":true,\"searchable\":true,\"aggregatable\":true},{\"name\":\"GeoLocation.continent_code\",\"type\":\"string\",\"count\":0,\"scripted\":false,\"indexed\":true,\"analyzed\":true,\"doc_values\":false,\"searchable\":true,\"aggregatable\":true},{\"name\":\"syscheck.perm_after\",\"type\":\"string\",\"count\":0,\"scripted\":false,\"indexed\":true,\"analyzed\":false,\"doc_values\":true,\"searchable\":true,\"aggregatable\":true},{\"name\":\"data.audit.cwd\",\"type\":\"string\",\"count\":0,\"scripted\":false,\"indexed\":true,\"analyzed\":false,\"doc_values\":true,\"searchable\":true,\"aggregatable\":true},{\"name\":\"GeoLocation.country_name\",\"type\":\"string\",\"count\":0,\"scripted\":false,\"indexed\":true,\"analyzed\":false,\"doc_values\":true,\"searchable\":true,\"aggregatable\":true},{\"name\":\"decoder.fts\",\"type\":\"number\",\"count\":0,\"scripted\":false,\"indexed\":true,\"analyzed\":false,\"doc_values\":true,\"searchable\":true,\"aggregatable\":true},{\"name\":\"data.audit.syscall\",\"type\":\"string\",\"count\":0,\"scripted\":false,\"indexed\":true,\"analyzed\":false,\"doc_values\":true,\"searchable\":true,\"aggregatable\":true},{\"name\":\"data.audit.file.mode\",\"type\":\"string\",\"count\":0,\"scripted\":false,\"indexed\":true,\"analyzed\":false,\"doc_values\":true,\"searchable\":true,\"aggregatable\":true},{\"name\":\"rule.groups\",\"type\":\"string\",\"count\":0,\"scripted\":false,\"indexed\":true,\"analyzed\":false,\"doc_values\":true,\"searchable\":true,\"aggregatable\":true},{\"name\":\"syscheck.gid_after\",\"type\":\"string\",\"count\":0,\"scripted\":false,\"indexed\":true,\"analyzed\":false,\"doc_values\":true,\"searchable\":true,\"aggregatable\":true},{\"name\":\"GeoLocation.region_name\",\"type\":\"string\",\"count\":0,\"scripted\":false,\"indexed\":true,\"analyzed\":false,\"doc_values\":true,\"searchable\":true,\"aggregatable\":true},{\"name\":\"data.audit.prom\",\"type\":\"string\",\"count\":0,\"scripted\":false,\"indexed\":true,\"analyzed\":false,\"doc_values\":true,\"searchable\":true,\"aggregatable\":true},{\"name\":\"data.oscap.scan.benchmark.id\",\"type\":\"string\",\"count\":0,\"scripted\":false,\"indexed\":true,\"analyzed\":false,\"doc_values\":true,\"searchable\":true,\"aggregatable\":true},{\"name\":\"syscheck.inode_before\",\"type\":\"string\",\"count\":0,\"scripted\":false,\"indexed\":true,\"analyzed\":false,\"doc_values\":true,\"searchable\":true,\"aggregatable\":true},{\"name\":\"data.oscap.check.result\",\"type\":\"string\",\"count\":0,\"scripted\":false,\"indexed\":true,\"analyzed\":false,\"doc_values\":true,\"searchable\":true,\"aggregatable\":true},{\"name\":\"syscheck.mtime_after\",\"type\":\"date\",\"count\":0,\"scripted\":false,\"indexed\":true,\"analyzed\":false,\"doc_values\":true,\"searchable\":true,\"aggregatable\":true},{\"name\":\"data.audit.file.inode\",\"type\":\"string\",\"count\":0,\"scripted\":false,\"indexed\":true,\"analyzed\":false,\"doc_values\":true,\"searchable\":true,\"aggregatable\":true},{\"name\":\"title\",\"type\":\"string\",\"count\":0,\"scripted\":false,\"indexed\":true,\"analyzed\":false,\"doc_values\":true,\"searchable\":true,\"aggregatable\":true},{\"name\":\"full_log\",\"type\":\"string\",\"count\":0,\"scripted\":false,\"indexed\":true,\"analyzed\":true,\"doc_values\":false,\"searchable\":true,\"aggregatable\":true},{\"name\":\"syscheck.mtime_before\",\"type\":\"date\",\"count\":0,\"scripted\":false,\"indexed\":true,\"analyzed\":false,\"doc_values\":true,\"searchable\":true,\"aggregatable\":true},{\"name\":\"data.oscap.check.identifiers\",\"type\":\"string\",\"count\":0,\"scripted\":false,\"indexed\":true,\"analyzed\":true,\"doc_values\":false,\"searchable\":true,\"aggregatable\":true},{\"name\":\"data.audit.uid\",\"type\":\"string\",\"count\":0,\"scripted\":false,\"indexed\":true,\"analyzed\":false,\"doc_values\":true,\"searchable\":true,\"aggregatable\":true},{\"name\":\"data.audit.old-ses\",\"type\":\"string\",\"count\":0,\"scripted\":false,\"indexed\":true,\"analyzed\":false,\"doc_values\":true,\"searchable\":true,\"aggregatable\":true},{\"name\":\"syscheck.gid_before\",\"type\":\"string\",\"count\":0,\"scripted\":false,\"indexed\":true,\"analyzed\":false,\"doc_values\":true,\"searchable\":true,\"aggregatable\":true},{\"name\":\"data.dstuser\",\"type\":\"string\",\"count\":0,\"scripted\":false,\"indexed\":true,\"analyzed\":false,\"doc_values\":true,\"searchable\":true,\"aggregatable\":true},{\"name\":\"data.audit.euid\",\"type\":\"string\",\"count\":0,\"scripted\":false,\"indexed\":true,\"analyzed\":false,\"doc_values\":true,\"searchable\":true,\"aggregatable\":true},{\"name\":\"@version\",\"type\":\"string\",\"count\":0,\"scripted\":false,\"indexed\":true,\"analyzed\":true,\"doc_values\":false,\"searchable\":true,\"aggregatable\":true},{\"name\":\"data.oscap.scan.content\",\"type\":\"string\",\"count\":0,\"scripted\":false,\"indexed\":true,\"analyzed\":false,\"doc_values\":true,\"searchable\":true,\"aggregatable\":true},{\"name\":\"GeoLocation.location\",\"type\":\"geo_point\",\"count\":0,\"scripted\":false,\"indexed\":true,\"analyzed\":false,\"doc_values\":true,\"searchable\":true,\"aggregatable\":true},{\"name\":\"account_domain\",\"type\":\"string\",\"count\":0,\"scripted\":false,\"indexed\":true,\"analyzed\":false,\"doc_values\":true,\"searchable\":true,\"aggregatable\":true},{\"name\":\"data.system_name\",\"type\":\"string\",\"count\":0,\"scripted\":false,\"indexed\":true,\"analyzed\":false,\"doc_values\":true,\"searchable\":true,\"aggregatable\":true},{\"name\":\"syscheck.md5_after\",\"type\":\"string\",\"count\":0,\"scripted\":false,\"indexed\":true,\"analyzed\":false,\"doc_values\":true,\"searchable\":true,\"aggregatable\":true},{\"name\":\"message\",\"type\":\"string\",\"count\":0,\"scripted\":false,\"indexed\":true,\"analyzed\":true,\"doc_values\":false,\"searchable\":true,\"aggregatable\":true},{\"name\":\"command\",\"type\":\"string\",\"count\":0,\"scripted\":false,\"indexed\":true,\"analyzed\":false,\"doc_values\":true,\"searchable\":true,\"aggregatable\":true},{\"name\":\"data.audit.dev\",\"type\":\"string\",\"count\":0,\"scripted\":false,\"indexed\":true,\"analyzed\":false,\"doc_values\":true,\"searchable\":true,\"aggregatable\":true},{\"name\":\"syscheck.uid_after\",\"type\":\"string\",\"count\":0,\"scripted\":false,\"indexed\":true,\"analyzed\":false,\"doc_values\":true,\"searchable\":true,\"aggregatable\":true},{\"name\":\"data.audit.fsgid\",\"type\":\"string\",\"count\":0,\"scripted\":false,\"indexed\":true,\"analyzed\":false,\"doc_values\":true,\"searchable\":true,\"aggregatable\":true},{\"name\":\"rule.info\",\"type\":\"string\",\"count\":0,\"scripted\":false,\"indexed\":true,\"analyzed\":false,\"doc_values\":true,\"searchable\":true,\"aggregatable\":true},{\"name\":\"data.audit.op\",\"type\":\"string\",\"count\":0,\"scripted\":false,\"indexed\":true,\"analyzed\":false,\"doc_values\":true,\"searchable\":true,\"aggregatable\":true},{\"name\":\"location\",\"type\":\"string\",\"count\":0,\"scripted\":false,\"indexed\":true,\"analyzed\":false,\"doc_values\":true,\"searchable\":true,\"aggregatable\":true},{\"name\":\"data.audit.list\",\"type\":\"string\",\"count\":0,\"scripted\":false,\"indexed\":true,\"analyzed\":false,\"doc_values\":true,\"searchable\":true,\"aggregatable\":true},{\"name\":\"GeoLocation.real_region_name\",\"type\":\"string\",\"count\":0,\"scripted\":false,\"indexed\":true,\"analyzed\":false,\"doc_values\":true,\"searchable\":true,\"aggregatable\":true},{\"name\":\"data.oscap.check.severity\",\"type\":\"string\",\"count\":0,\"scripted\":false,\"indexed\":true,\"analyzed\":false,\"doc_values\":true,\"searchable\":true,\"aggregatable\":true},{\"name\":\"ip\",\"type\":\"string\",\"count\":0,\"scripted\":false,\"indexed\":true,\"analyzed\":false,\"doc_values\":true,\"searchable\":true,\"aggregatable\":true},{\"name\":\"name\",\"type\":\"string\",\"count\":0,\"scripted\":false,\"indexed\":true,\"analyzed\":false,\"doc_values\":true,\"searchable\":true,\"aggregatable\":true},{\"name\":\"_id\",\"type\":\"string\",\"count\":0,\"scripted\":false,\"indexed\":false,\"analyzed\":false,\"doc_values\":false,\"searchable\":true,\"aggregatable\":true},{\"name\":\"_type\",\"type\":\"string\",\"count\":0,\"scripted\":false,\"indexed\":false,\"analyzed\":false,\"doc_values\":false,\"searchable\":true,\"aggregatable\":true},{\"name\":\"_index\",\"type\":\"string\",\"count\":0,\"scripted\":false,\"indexed\":false,\"analyzed\":false,\"doc_values\":false,\"searchable\":true,\"aggregatable\":true},{\"name\":\"_score\",\"type\":\"number\",\"count\":0,\"scripted\":false,\"indexed\":false,\"analyzed\":false,\"doc_values\":false,\"searchable\":true,\"aggregatable\":true},{\"name\":\"log\",\"type\":\"number\",\"count\":0,\"scripted\":false,\"indexed\":false,\"analyzed\":false,\"doc_values\":false,\"searchable\":true,\"aggregatable\":true},{\"name\":\"source\",\"type\":\"number\",\"count\":0,\"scripted\":false,\"indexed\":false,\"analyzed\":false,\"doc_values\":false,\"searchable\":true,\"aggregatable\":true},{\"name\":\"tags\",\"type\":\"number\",\"count\":0,\"scripted\":false,\"indexed\":false,\"analyzed\":false,\"doc_values\":false,\"searchable\":true,\"aggregatable\":true},{\"name\":\"data.srcport\",\"type\":\"number\",\"count\":0,\"scripted\":false,\"indexed\":false,\"analyzed\":false,\"doc_values\":false,\"searchable\":true,\"aggregatable\":true},{\"name\":\"GeoLocation.region_code\",\"type\":\"number\",\"count\":0,\"scripted\":false,\"indexed\":false,\"analyzed\":false,\"doc_values\":false,\"searchable\":true,\"aggregatable\":true}]",
  "wazuh_monitoring": "[{\"name\":\"ip\",\"type\":\"string\",\"count\":0,\"scripted\":false,\"indexed\":true,\"analyzed\":false,\"doc_values\":true,\"searchable\":true,\"aggregatable\":true},{\"name\":\"@timestamp\",\"type\":\"date\",\"count\":0,\"scripted\":false,\"indexed\":true,\"analyzed\":false,\"doc_values\":true,\"searchable\":true,\"aggregatable\":true},{\"name\":\"name\",\"type\":\"string\",\"count\":0,\"scripted\":false,\"indexed\":true,\"analyzed\":false,\"doc_values\":true,\"searchable\":true,\"aggregatable\":true},{\"name\":\"host\",\"type\":\"string\",\"count\":0,\"scripted\":false,\"indexed\":true,\"analyzed\":false,\"doc_values\":true,\"searchable\":true,\"aggregatable\":true},{\"name\":\"_source\",\"type\":\"_source\",\"count\":0,\"scripted\":false,\"indexed\":false,\"analyzed\":false,\"doc_values\":false,\"searchable\":false,\"aggregatable\":false},{\"name\":\"id\",\"type\":\"string\",\"count\":0,\"scripted\":false,\"indexed\":true,\"analyzed\":false,\"doc_values\":true,\"searchable\":true,\"aggregatable\":true},{\"name\":\"status\",\"type\":\"string\",\"count\":0,\"scripted\":false,\"indexed\":true,\"analyzed\":false,\"doc_values\":true,\"searchable\":true,\"aggregatable\":true},{\"name\":\"_id\",\"type\":\"string\",\"count\":0,\"scripted\":false,\"indexed\":false,\"analyzed\":false,\"doc_values\":false,\"searchable\":false,\"aggregatable\":false},{\"name\":\"_type\",\"type\":\"string\",\"count\":0,\"scripted\":false,\"indexed\":false,\"analyzed\":false,\"doc_values\":false,\"searchable\":true,\"aggregatable\":true},{\"name\":\"_index\",\"type\":\"string\",\"count\":0,\"scripted\":false,\"indexed\":false,\"analyzed\":false,\"doc_values\":false,\"searchable\":false,\"aggregatable\":false},{\"name\":\"_score\",\"type\":\"number\",\"count\":0,\"scripted\":false,\"indexed\":false,\"analyzed\":false,\"doc_values\":false,\"searchable\":false,\"aggregatable\":false}]"
}
